titulo,data,resumo,url
CIRCUITO DE TREINAMENTOS E WEBINARS CSA E SOMAR,14 de abril de 2020,"Temos uma ótima notícia pra você!! A CSA Consultoria em parceria com a Somar Soluções, canal de distribuição da WK Sistemas em Belo Horizonte – Minas Gerais, estarão promovendo um Circuito de Treinamentos e Webinars focados em funcionalidades do Radar Empresarial para ajudá-lo a superar este momento de crise. Os encontros, todos […]",http://www.csa-ma.com.br/wp-content/uploads/2020/04/Webinars-WK-e-Somar_site-270x230.png
PACOTE ANTICRISE – CSA CONSULTORIA,30 de março de 2020,"Estamos enfrentamento um momento de crise com a pandemia do COVID-19 e nesta situação queremos que nossa parceria faça a diferença na sua empresa! Entendemos que fazer a diferença é estar ao seu lado, apoiando, para que mesmo diante de todas as dificuldades sua empresa continue funcionando, sem precisar colocar […]",http://www.csa-ma.com.br/wp-content/uploads/2020/03/cabe%C3%A7a-landing-page-Pacote-anticrise-CSA-270x230.png
CONTROLAR BENEFÍCIOS EM PLANILHA? TÔ FORA!,20 de agosto de 2019,"A rotina dos profissionais do departamento de Recursos Humanos concentra muitos processos que são essenciais para o desenvolvimento de uma empresa. Uma de suas principais responsabilidades é gerenciar a folha de pagamento, que engloba diversos processos, como a gestão dos benefícios concedidos aos colaboradores, férias, décimo terceiro, o recolhimento dos […]",http://www.csa-ma.com.br/wp-content/uploads/2019/08/Capa-Benef%C3%ADcios-270x230.png
VAGA DE ESTÁGIO – SDR (SALES DEVELOPMENT REPRESENTATIVE),29 de julho de 2019,"Quer trabalhar em uma empresa inovadora, ajudando a estruturar um processo inovador? Venha estagiar com a gente!   A CSA está com uma vaga incrível em aberto na área comercial: SDR – Sales Development Representative !! Foco do SDR: Prospecção, qualificação e nutrição do funil de vendas Responsabilidades: Geração de listas […]",http://www.csa-ma.com.br/wp-content/uploads/2019/07/Vaga-SDR-CAPA-270x230.jpg
O ESOCIAL VAI ACABAR ? FATO OU FAKE ?,19 de julho de 2019,"Recentemente o governo lançou uma nota informando a simplificação da estrutura do eSocial e com isso trouxe uma enxurrada de fake news sobre: “extinção do eSocial“. A CSA Esclarece: NÃO É BEM ASSIM… Ficamos espantados com a grande circulação através das mídias, sobre uma inverdade que se espalhou pelo Brasil […]",http://www.csa-ma.com.br/wp-content/uploads/2019/07/capa-eSocial-novas-diretrizes-270x230.png
A IMPORTÂNCIA DOS DADOS PARA ESTRATÉGIAS DE GESTÃO,27 de maio de 2019,"Estamos vivendo a era da inovação onde a tecnologia e a automatização são fundamentais para a sobrevivência das empresas no mercado, alguns gestores já possuem esse entendimento e compreendem a importância de ter seus dados informatizados para uma boa estratégia de gestão. Mas infelizmente a maioria dos empresários não possui […]",http://www.csa-ma.com.br/wp-content/uploads/2019/05/Capa-Gest%C3%A3o-de-dados-270x230.png
EFD-REINF: COMO VAI FUNCIONAR E QUAL SETOR É RESPONSÁVEL PELA ENTREGA?,23 de abril de 2019,Junto com a onda do eSocial veio a EFD-REINF! Mais uma obrigação acessória que pegou […],http://www.csa-ma.com.br/wp-content/uploads/2019/04/capa-EFD-REINF-blog-270x230.png
O QUE ESPERAR DO SST PARA O ESOCIAL ?,12 de fevereiro de 2019,O primeiro contato com o eSocial foi feito através da equipe do departamento pessoal. Passado […],http://www.csa-ma.com.br/wp-content/uploads/2019/02/Post-SST-esocial-capapng-270x230.png
ESOCIAL – ENTENDA TODAS AS MUDANÇAS E SE ADEQUE!,22 de novembro de 2018,"O eSocial já começou e ainda sim muitas empresas ainda não sabem como se adequar, […]",http://www.csa-ma.com.br/wp-content/uploads/2018/11/Capa-eSocial-270x230.jpg
DCTF WEB: ENTENDA O QUE É E SUA RELAÇÃO COM ESOCIAL E EFD REINF.,26 de setembro de 2018,"Esse ano foi marcado por muitas mudanças no âmbito fiscal, previdenciário e trabalhista. Junto com […]",http://www.csa-ma.com.br/wp-content/uploads/2018/09/dctf-web-capa--270x230.png
ESOCIAL – QUAIS AS VANTAGENS PARA O EMPREGADOR?,20 de novembro de 2017,Recentemente um empresário me perguntou se esse “troço” de eSocial ia trazer alguma vantagem para […],http://www.csa-ma.com.br/wp-content/uploads/2017/11/eSocial-blog-2-270x230.png
COMUNICADO DE DESLIGAMENTO,1 de novembro de 2017,"Prezados Clientes e Parceiros, Comunicamos que a partir de 01/11/2017 os colaboradores Ana Cláudia Rodrigues, […]",http://www.csa-ma.com.br/wp-content/uploads/2017/11/Comunicado-de-desligamento-270x230.png
EXAMES TOXICOLÓGICOS PASSAM A SER EXIGÊNCIA PARA MOTORISTAS PROFISSIONAIS,27 de outubro de 2017,"A partir do dia 13/10/2017, as empresas devem informar ao Cadastro Geral de Empregados e […]",http://www.csa-ma.com.br/wp-content/uploads/2017/10/exames-toxicol%C3%B3gicos-270x230.png
COMO RECUPERAR O CLIENTE INSATISFEITO? 4 PASSOS PARA RESTABELECER A CONFIANÇA,22 de setembro de 2017,"A confiança de um cliente insatisfeito pode ser recuperada por uma empresa? De tão importante, […]",http://www.csa-ma.com.br/wp-content/uploads/2017/09/Cliente-insatisfeito-270x230.png
NOVA LEI TRABALHISTA: O QUE MUDA NA PRÁTICA,15 de setembro de 2017,"Em novembro deste ano, passará a valer a nova lei trabalhista sancionado pelo presidente Michel […]",http://www.csa-ma.com.br/wp-content/uploads/2017/09/refroma-trabalhista-270x230.png
DIA DO CLIENTE,15 de setembro de 2017,Hoje queremos homenagear,Sem imagem
TRÊS DICAS PARA MANTER A SAÚDE DAS EMPRESAS EM TEMPO DE RECESSÃO,25 de agosto de 2017,O ano de 2017 está sendo marcado por uma série de eventos negativos no campo […],http://www.csa-ma.com.br/wp-content/uploads/2017/08/3-dicas-270x230.png
TRÊS EXIGÊNCIAS LEGAIS QUE A SUA EMPRESA PRECISA ESTAR ATENTA AGORA,26 de julho de 2017,"As obrigações legais sempre demandaram muita burocracia das empresas, mas a tecnologia promete mudar esse […]",http://www.csa-ma.com.br/wp-content/uploads/2017/07/Exigencias-legais-270x230.jpg
4 DIFICULDADES COMUNS A GESTORES DE PEQUENAS EMPRESAS,21 de julho de 2017,"Administradores de pequenas empresas enfrentam algumas dificuldades que, geralmente, são comuns entre eles. Grande parte […]",http://www.csa-ma.com.br/wp-content/uploads/2017/07/4-DIFICULDADES.jpg-2-270x230.jpg
DICAS PARA EMPREENDER COM ÊXITO,14 de julho de 2017,"Desde 2010, o país não via um número tão grande de novos empreendedores como neste […]",http://www.csa-ma.com.br/wp-content/uploads/2017/07/empreender-2-270x230.png
"PREPARE-SE, A EFD-REINF JÁ É OFICIAL!",14 de junho de 2017,"As legislações mudam constantemente, assim como novas surgem de uma maneira consideravelmente elevada. E já […]",http://www.csa-ma.com.br/wp-content/uploads/2017/06/REINF.jpg-270x185.png
FELIZ ANIVERSÁRIO CSA!!!,24 de abril de 2017,"Durante todo esse tempo, trabalho e boas companhias não faltaram, graças aos clientes, colaboradores e […]",http://www.csa-ma.com.br/wp-content/uploads/2017/04/site-270x230.jpg
CAIXA DIVULGA CRONOGRAMA E APROVA VERSÃO 2.2.01 DO LEIAUTE DO ESOCIAL,18 de abril de 2017,O referido Ato aprova o cronograma do eSocial – Sistema de Escrituração Fiscal Digital das […],http://www.csa-ma.com.br/wp-content/uploads/2016/08/e-social-270x230.png
CAIXA DIVULGA CRONOGRAMA E APROVA VERSÃO 2.2.01 DO LEIAUTE DO ESOCIAL,18 de abril de 2017,Caixa divulga cronograma e aprova versão 2.2.01 do Leiaute do eSocial O referido Ato aprova […],Sem imagem
FELIZ PÁSCOA!,14 de abril de 2017,"Desejamos a todos que esta Páscoa seja repleta de muita renovação, transformações e união. Feliz […]",http://www.csa-ma.com.br/wp-content/uploads/2017/04/Pascoa-2017-270x230.png
OS 10 PRINCIPAIS MOTIVOS QUE LEVAM UMA EMPRESA A FALENCIA,12 de abril de 2017,Todo empreendedor tem por objetivo transformar sua empresa em um negócio próspero e competitivo. No […],http://www.csa-ma.com.br/wp-content/uploads/2017/04/falencia-270x230.png
COMO TER SUCESSO EM VENDAS EM TEMPOS CADA VEZ MAIS COMPETITIVOS?,22 de março de 2017,"Então, vale a reflexão: qual tem sido a sua postura e a da sua equipe […]",http://www.csa-ma.com.br/wp-content/uploads/2017/02/vendas-mundo-competitivo-270x230.png
CONDUTA DE NEGÓCIOS: A IMPORTÂNCIA DA ÉTICA DENTRO DA EMPRESA,15 de março de 2017,"Nas salas de aula dos cursos de Administração, nos eventos de negócios, em fóruns de […]",http://www.csa-ma.com.br/wp-content/uploads/2017/02/etica-270x230.png
QUAL É O FUTURO DO ATENDIMENTO AO CLIENTE?,8 de março de 2017,"Será que em um futuro próximo vamos ser atendidos por robôs? Com as tecnologias avançando, […]",http://www.csa-ma.com.br/wp-content/uploads/2017/02/atendmento-ao-cliente-270x230.png
EFD: GUARDA DAS INFORMAÇÕES,1 de março de 2017,"O contribuinte deverá armazenar o arquivo digital da EFD-ICMS/IPI transmitido, observando os requisitos de segurança, autenticidade, integridade […]",http://www.csa-ma.com.br/wp-content/uploads/2017/02/efd-contribuicoes-270x230.png
COMO REALIZAR UMA VENDA PERFEITA?,17 de fevereiro de 2017,"Todas as profissões possuem rotinas de trabalho, seguidas dia após dia e que fazem os […]",http://www.csa-ma.com.br/wp-content/uploads/2017/02/VENDEDORES1-270x230.png
5 RAZÕES PARA ACREDITAR QUE 2017 SERÁ O ANO DA RETOMADA,15 de fevereiro de 2017,"Nos treinamentos, palestras, workshops e aulas de MBA que tenho ministrado em empresas nacionais e multinacionais, muitos […]",http://www.csa-ma.com.br/wp-content/uploads/2017/02/ano-de-retomada-270x230.png
A IMPORTÂNCIA DOS CONTROLES INTERNOS,10 de fevereiro de 2017,O que um bom controle interno pode fazer por uma empresa? Inicialmente a presença de […],http://www.csa-ma.com.br/wp-content/uploads/2017/02/controle-interno-270x230.png
PORQUE MIGRAR PARA NUVEM EM 2017,1 de fevereiro de 2017,O ano já começou e várias pessoas me questionam sobre quais serão as tendências de […],http://www.csa-ma.com.br/wp-content/uploads/2017/02/cloud-270x230.png
PORQUE MIGRAR PARA NUVEM EM 2017?,1 de fevereiro de 2017,O ano já começou e várias pessoas me questionam sobre quais serão as tendências de […],http://www.csa-ma.com.br/wp-content/uploads/2017/02/cloud-270x230.png
5 DICAS PARA TURBINAR A MOTIVAÇÃO DE SEUS PROFISSIONAIS EM 2017,13 de janeiro de 2017,"Pare e pense: quem são os líderes que mais lhe têm inspirado, seja no campo […]",http://www.csa-ma.com.br/wp-content/uploads/2017/01/motiva%C3%A7%C3%A3o-270x230.png
RECEITA FEDERAL DISCIPLINA FORMA DE APRESENTAÇÃO DA DIRF,6 de janeiro de 2017,Foi publicada hoje no diário Oficial da União a IN RFB nº 1671 que dispõe […],http://www.csa-ma.com.br/wp-content/uploads/2017/01/dirf-2017-270x230.jpg
BLOCO K – ALTERADO O CALENDÁRIO DE INÍCIO DA OBRIGATORIEDADE,28 de dezembro de 2016,O Calendário de exigência do Bloco K foi alterado novamente A alteração veio com a […],http://www.csa-ma.com.br/wp-content/uploads/2016/12/bloco-k-270x230.jpg
FELIZ NATAL E UM PRÓSPERO ANO NOVO!!!,23 de dezembro de 2016,"Prezados Clientes, Parceiros e Amigos, Neste momento tão especial do ano, não poderíamos deixar de […]",http://www.csa-ma.com.br/wp-content/uploads/2016/12/Natal-2016-site-270x230.jpg
COMUNICADO – EXPEDIENTE CSA MODIFICADO,22 de dezembro de 2016,"Prezados Clientes e Parceiros, Informamos  a todos que em virtude das festas de final de […]",http://www.csa-ma.com.br/wp-content/uploads/2015/08/Comunicado-CSA-270x230.png
5 MOTIVOS PARA AUTOMATIZAR A GESTÃO DE NOTAS FISCAIS ELETRÔNICAS,19 de dezembro de 2016,A utilização das Notas Fiscais Eletrônicas (NFe) é uma realidade nas empresas e traz uma […],http://www.csa-ma.com.br/wp-content/uploads/2016/12/nf-e-270x230.jpg
5 MOTIVOS PARA AUTOMATIZAR A GESTÃO DE NOTAS FISCAIS ELETRÔNICAS,16 de dezembro de 2016,A utilização das Notas Fiscais Eletrônicas (NFe) é uma realidade nas empresas e traz uma […],Sem imagem
COMUNICADO!,7 de dezembro de 2016,"Prezados Clientes e Parceiros, Informamos a todos que nesta sexta-feira 09/12/2016 não haverá expediente na […]",http://www.csa-ma.com.br/wp-content/uploads/2015/08/Comunicado-CSA-270x230.png
8 DICAS PRÁTICAS PARA O EMPREENDEDOR PLANEJAR BEM 2017,1 de dezembro de 2016,"De acordo com o Sebrae, o Brasil conta hoje com mais de 9 milhões de […]",http://www.csa-ma.com.br/wp-content/uploads/2016/11/planejamento-20171-270x230.jpg
QUAIS GESTORES AS EMPRESAS QUEREM E PRECISAM NO MOMENTO?,29 de novembro de 2016,"Ainda que o cenário não seja exatamente positivo, alguns setores já apostam em dias melhores […]",http://www.csa-ma.com.br/wp-content/uploads/2016/11/gestores-270x230.jpg
PLANEJAMENTO: VOCÊ SABE QUE RUMO TOMAR EM 2017?,23 de novembro de 2016,"Tomar decisões, conduzir ações e solucionar problemas de maneira rápida. Na rotina das empresas essas […]",http://www.csa-ma.com.br/wp-content/uploads/2016/11/rumos-2017-270x230.jpg
NORMAS DE CONTABILIDADE DE PEQUENAS E MÉDIAS EMPRESAS RECEBEM ATUALIZAÇÃO,18 de novembro de 2016,As mudanças em 55 normas são para uma melhor adequação ao padrão internacional. As normas […],http://www.csa-ma.com.br/wp-content/uploads/2016/11/contabilidade-270x230.jpg
PIS E COFINS CUMULATIVO NÃO INCIDEM SOBRE RECEITA FINANCEIRA,8 de novembro de 2016,A Receita Federal por meio da Solução de Consulta nº 4.032/2016 esclareceu acerca da não incidência de […],http://www.csa-ma.com.br/wp-content/uploads/2016/11/pis-cofins-270x230.png
6 DICAS PARA MELHORAR SUA POSTURA EM UMA APRESENTAÇÃO OU REUNIÃO DE NEGÓCIOS,4 de novembro de 2016,É clássica a frase “você só tem uma oportunidade para causar uma primeira boa impressão”. […],http://www.csa-ma.com.br/wp-content/uploads/2016/11/palestra-270x230.jpg
COMUNICADO DE DESLIGAMENTO,31 de outubro de 2016,"Prezados Clientes e Parceiros, Comunicamos que a partir de 31/10/2016, Leandro Sampaio, que exercia a […]",http://www.csa-ma.com.br/wp-content/uploads/2015/08/Comunicado-CSA-270x230.png
"VÍRUS CRIPITOLOCKER, ATENÇÃO AOS E-MAILS RECEBIDOS!",20 de outubro de 2016,"Cryptolocker-v3 é um ransomware mal-intencionado, que é uma versão atualizada do Teslacrypt que geralmente chega […]",http://www.csa-ma.com.br/wp-content/uploads/2016/10/v%C3%ADrus1-270x230.png
NFC-E – OBRIGATORIEDADE A PARTIR DE 2017,11 de outubro de 2016,Varejista terá que usar NFC-e até o final de 2017 – Em substituição ao Cupom […],http://www.csa-ma.com.br/wp-content/uploads/2016/10/nfc-e-270x230.png
ESOCIAL: SISTEMA DISPONIBILIZA FERRAMENTA QUE PERMITE AO EMPREGADOR INFORMAR DEMISSÃO,28 de setembro de 2016,Os empregadores já podem informar o desligamento do empregado doméstico e calcular todas as verbas […],http://www.csa-ma.com.br/wp-content/uploads/2016/09/E-social-2-270x230.png
O QUE É FOLHA DE PAGAMENTO DIGITAL E POR QUE UTILIZÁ-LA?,23 de setembro de 2016,"O contracheque convencional, entregue em papel ao funcionário, está ficando para trás. No lugar dele, […]",http://www.csa-ma.com.br/wp-content/uploads/2016/09/folha-de-pagamento-digital-270x230.png
CONFIRA PRAZOS QUE PODEM FACILITAR AS ROTINAS TRABALHISTAS DE UMA EMPRESA,16 de setembro de 2016,"Neste contexto, é fundamental a boa organização e gestão das rotinas trabalhistas, lidando-se da forma […]",http://www.csa-ma.com.br/wp-content/uploads/2016/09/Prazos-empresas-270x230.png
COMUNICADO,12 de setembro de 2016,"Prezados Clientes e Parceiros, Informamos a todos que já voltamos a atender normalmente no telefone […]",http://www.csa-ma.com.br/wp-content/uploads/2015/08/Comunicado-CSA-270x230.png
COMUNICADO,31 de agosto de 2016,"Prezados Clientes e Parceiros, Informamos a todos que a partir desta segunda-feira 05/09/2016 até o […]",http://www.csa-ma.com.br/wp-content/uploads/2015/08/Comunicado-CSA-270x230.png
10 MOTIVOS PARA ADOTAR UM ERP INTEGRADO,29 de agosto de 2016,"Para tomar decisões estratégicas com o propósito de expandir os negócios, os gestores precisam ter […]",http://www.csa-ma.com.br/wp-content/uploads/2016/08/ERP-270x230.jpg
ESOCIAL TERÁ PRAZO ADIADO,19 de agosto de 2016,A Receita Federal do Brasil (RFB) adiará o prazo de entrega do eSocial. A confirmação […],http://www.csa-ma.com.br/wp-content/uploads/2016/08/e-social-270x230.png
VEM AÍ O MOMENTO WK 2016,17 de agosto de 2016,Vem aí o Momento WK 2016! O lugar certo para você crescer nos negócios. O […],http://www.csa-ma.com.br/wp-content/uploads/2016/08/momento-wk-2016-270x230.png
GRUPO CONFEDERATIVO DO ESOCIAL DISCUTE NOVOS PRAZOS EM REUNIÃO NO CFC,22 de julho de 2016,"O Grupo Confederativo do eSocial (GTC) se reuniu, nesta terça-feira (19), na sede do Conselho […]",http://www.csa-ma.com.br/wp-content/uploads/2016/07/note-270x230.png
10 RAZÕES PARA A PEQUENA EMPRESA ADOTAR UM SISTEMA DE GESTÃO,4 de julho de 2016,"Os sistemas de gestão, ou ERPs, são fundamentais para a sustentabilidade dos negócios a médio […]",http://www.csa-ma.com.br/wp-content/uploads/2016/07/erp-270x230.png
CINCO ESTRATÉGIAS PARA CRIAR UMA EQUIPE MAIS PRODUTIVA,21 de junho de 2016,"Algumas reclamações são bem comuns dentro das empresas, muitos gestores costumam dizer que a equipe […]",http://www.csa-ma.com.br/wp-content/uploads/2016/06/produtividade-270x230.png
ESOCIAL SERÁ PRORROGADO EM APROXIMADAMENTE UM ANO EM RELAÇÃO AO CRONOGRAMA ATUAL!,3 de junho de 2016,"Diante de várias informações desencontradas, observadas principalmente nas redes sociais sobre o atual momento do […]",http://www.csa-ma.com.br/wp-content/uploads/2016/06/E-social-2-270x230.png
CURSO DE INSTALAÇÃO DA SOLUÇÃO DE GESTÃO DE PESSOAS SÊNIOR,1 de junho de 2016,Sua equipe de T.I tem conhecimento nas ferramentas de tecnologia Senior e está por dentro […],http://www.csa-ma.com.br/wp-content/uploads/2016/06/Curso-Instala%C3%A7%C3%A3o-Site-270x230.png
DICAS SOBRE COMO EMPREENDER E TER SUCESSO NA CONTABILIDADE,30 de maio de 2016,Você que ter sucesso na contabilidade? Veja quais são as atitudes adequadas para ser bem-sucedido no seu […],http://www.csa-ma.com.br/wp-content/uploads/2016/05/empreender-270x230.png
7 ATITUDES QUE FAZEM SUA EMPRESA NAUFRAGAR,25 de maio de 2016,"Empreender em uma crise econômica é como velejar em mares bravos: muitos negócios acabam naufragando, e […]",http://www.csa-ma.com.br/wp-content/uploads/2016/05/naufragar-um-negocio-270x230.png
FELIZ DIA DAS MÃES!,8 de maio de 2016,Desejamos um feliz dia das Mães a todos!!!,http://www.csa-ma.com.br/wp-content/uploads/2016/05/Dia-das-m%C3%A3es-2016-site-270x230.png
COMO SUA EMPRESA ARMAZENA E GERENCIA IMPORTANTES DOCUMENTOS?,29 de abril de 2016,Como sua empresa armazena e gerencia importantes documentos? Você se sente seguro quanto a esse […],http://www.csa-ma.com.br/wp-content/uploads/2016/04/GED-WK-270x230.png
FELIZ ANIVERSÁRIO CSA!,22 de abril de 2016,"Hoje estamos fazendo 24 anos, que foram conquistados com muito comprometimento e dedicação. Parabéns a […]",http://www.csa-ma.com.br/wp-content/uploads/2016/04/Anivers%C3%A1rio-CSA-Site-270x230.png
PRAZO DE ENTREGA DA ECD NÃO SERÁ POSTERGADO,19 de abril de 2016,O prazo de entrega da Escrituração Contábil Digital (ECD) não será postergado. Conforme a Instrução […],http://www.csa-ma.com.br/wp-content/uploads/2016/04/SPED-270x230.png
OS 4 MAIORES DESAFIOS DE 2016 PARA OS CONTADORES,18 de abril de 2016,Importantes mudanças atingirão a área de contabilidade em 2016. Os profissionais precisarão saber lidar com o […],http://www.csa-ma.com.br/wp-content/uploads/2016/04/desafio-contadores.-270x230.png
OS DEDOS-DUROS DO IR QUE TE FAZEM CAIR NA MALHA FINA,12 de abril de 2016,O contribuinte que está obrigado a declarar o Imposto de Renda (IR) 2016 precisa ter atenção redobrada ao preencher […],http://www.csa-ma.com.br/wp-content/uploads/2016/04/dedo-duro-IR-270x230.png
LÍDER BOM OU LÍDER BONZINHO,28 de março de 2016,A cultura corporativa brasileira sempre teve um traço em comum: excesso de paternalismo. Atire a […],http://www.csa-ma.com.br/wp-content/uploads/2016/02/L%C3%ADder-2-270x230.png
POR QUE A CRISE PARECE ESTAR LONGE DE ACABAR?,21 de março de 2016,"O Banco Central (BC), em seu Índice de Atividade Econômica (IBC-Br) para o mês de dezembro […]",http://www.csa-ma.com.br/wp-content/uploads/2016/02/Crise2-270x230.png
4 PERGUNTAS BÁSICAS PARA SUA EMPRESA SER MAIS INOVADORA,14 de março de 2016,Muita gente tem uma ideia complicada demais sobre o que é inovação. Consultores de negócios […],http://www.csa-ma.com.br/wp-content/uploads/2016/02/Inova%C3%A7%C3%A3o-270x230.png
POR QUE AS EMPRESAS PRECISAM DE EMPREENDEDORES?,7 de março de 2016,"As empresas precisam de pessoas com “espírito empreendedor”. Sim, isso mesmo! Pessoas empreendedoras! Visão / […]",http://www.csa-ma.com.br/wp-content/uploads/2016/02/empreendedorismo-270x230.png
"PROGRAMA DO IR 2016 É LIBERADO, VEJA AS NOVIDADES DESTE ANO",29 de fevereiro de 2016,O programa para preenchimento da Declaração do Imposto sobre a Renda da Pessoa Física de […],http://www.csa-ma.com.br/wp-content/uploads/2016/02/IR-2016-270x230.png
COMEÇA PRAZO PARA ENTREGA OBRIGATÓRIA DA RAIS 2015 POR EMPREGADORES,27 de janeiro de 2016,Os empregadores de todo o Brasil têm de hoje (19) até o dia 18 de […],http://www.csa-ma.com.br/wp-content/uploads/2016/01/Rais-270x230.png
O TRIPÉ DE UM NEGÓCIO CAMPEÃO,22 de janeiro de 2016,"Tudo o que fazemos tem um motivo e na maioria dos casos, o que nos […]",http://www.csa-ma.com.br/wp-content/uploads/2016/01/neg%C3%B3ci-campe%C3%A3o-270x230.png
ATENÇÃO PARA OBRIGATORIEDADE DE UTILIZAÇÃO DE CERTIFICADO DIGITAL NO CAGED,20 de janeiro de 2016,A partir de 19/01/2016 será retomada a obrigatoriedade de utilização de Certificado Digital válido padrão […],http://www.csa-ma.com.br/wp-content/uploads/2016/01/caged1-270x230.png
FELIZ NATAL!,24 de dezembro de 2015,"Caros clientes, parceiros, colaboradores e amigos… Em momentos especiais como esse, não podemos deixar de […]",http://www.csa-ma.com.br/wp-content/uploads/2015/12/site4-270x230.png
COMUNICADO!,18 de dezembro de 2015,"Prezados clientes e parceiros, Em virtude do recesso das festas de fim de ano, estaremos […]",http://www.csa-ma.com.br/wp-content/uploads/2015/08/Comunicado-CSA-270x230.png
EMPREENDEDORISMO EM TEMPOS DE CRISE,9 de dezembro de 2015,As nações passam por crises econômicas de tempos em tempos. Meu artigo não pretende discutir […],http://www.csa-ma.com.br/wp-content/uploads/2015/12/empreendedorismo-na-crise-270x230.png
"LIDERANÇA HUMANIZADA, EQUIPE RESPEITADA",4 de dezembro de 2015,"Liderança é um assunto muito recorrente no mundo das organizações, sejam elas públicas ou privadas. […]",http://www.csa-ma.com.br/wp-content/uploads/2015/12/lideran%C3%A7a1-270x230.png
COMO OS SISTEMAS DE GESTÃO OTIMIZAM A OPERAÇÃO DO ESOCIAL,2 de dezembro de 2015,O eSocial faz parte do Sistema Público de Escrituração Digital (Sped) e irá unificar o envio de […],http://www.csa-ma.com.br/wp-content/uploads/2015/11/e-social-270x230.png
A FEBRE DA VIRTUALIZAÇÃO DE SERVIDORES,27 de novembro de 2015,Você deve ter ouvido falar como a virtualização de servidores está se tornando uma necessidade […],http://www.csa-ma.com.br/wp-content/uploads/2015/11/servidor-virtual-270x230.png
PLANEJAMENTO 2016: VOCÊ JÁ COMEÇOU O SEU?,10 de novembro de 2015,Mais um ano que vai chegando ao seu fim. Já vivemos boa parte das situações […],http://www.csa-ma.com.br/wp-content/uploads/2015/11/planejamento-2016-270x230.png
VOCÊ ESTÁ POR DENTRO DO ESOCIAL PARA SEU EMPREGADO DOMÉSTICO?,6 de novembro de 2015,"Você conhece o novo projeto do Governo federal, o eSocial? Trata-se de um sistema de […]",http://www.csa-ma.com.br/wp-content/uploads/2015/11/e-social-dom%C3%A9sticas-270x230.jpg
ENGAJAMENTO E PERFORMANCE: ENTENDA A RELAÇÃO,23 de outubro de 2015,Engajamento e comunicação interna não são mais tratados como um recurso adicional nas empresas. Ambos […],http://www.csa-ma.com.br/wp-content/uploads/2015/10/engajamento-270x230.png
A FÓRMULA DE VENDAS PARA O SUCESSO EM TEMPOS DE CRISE,14 de outubro de 2015,Vender nos dias de hoje é um verdadeiro desafio. O cenário de crise fez com […],http://www.csa-ma.com.br/wp-content/uploads/2015/10/vendedor-270x230.png
CARTEIRA DE TRABALHO DIGITAL: COMO FUNCIONA E QUAIS SÃO AS VANTAGENS,13 de outubro de 2015,A carteira de trabalho é um dos documentos mais importantes para o cidadão brasileiro. Ela […],http://www.csa-ma.com.br/wp-content/uploads/2015/10/Carteira-de-trabalho-digital-270x230.jpg
"CEDER PARA CRESCER, PERDER PARA GANHAR",9 de outubro de 2015,"Já vi empresas que algumas vezes optaram por não pegar um grande pedido, que geraria […]",http://www.csa-ma.com.br/wp-content/uploads/2015/10/Xadrez-270x230.png
EMPRESAS TÊM ATÉ 30 DE SETEMBRO PARA ENVIAR A ECF,29 de setembro de 2015,Cumprir obrigações de controle tributário amenizam futuras dores de cabeça com o fisco A necessidade […],http://www.csa-ma.com.br/wp-content/uploads/2015/09/ecf-270x230.png
LIDERANÇA E PULSO FIRME: SOBRE TOMAR DECISÕES E SENTIR-SE CONFORTÁVEL NO DESCONFORTO,28 de setembro de 2015,"“Em uma consultoria recente, atendemos uma empresa que produzia equipamentos de segurança. Eles tinham tantos […]",http://www.csa-ma.com.br/wp-content/uploads/2015/09/pulso-firme-270x230.png
“CULPA DA CRISE”: A JUSTIFICATIVA DE ALGUNS INCOMPETENTES,25 de setembro de 2015,"Corram para as colinas! Se você liga a televisão nos principais telejornais hoje em dia, […]",http://www.csa-ma.com.br/wp-content/uploads/2015/09/crise-270x230.png
QUAL É O ESTÁGIO DO SEU NEGÓCIO E QUE CUIDADOS ELE EXIGE?,22 de setembro de 2015,As dores do crescimento são reais em qualquer estágio de uma empresa – mas onde […],http://www.csa-ma.com.br/wp-content/uploads/2015/09/Es%C3%A1gio-de-neg%C3%B3cio-270x230.png
BLOCO K DEVE EVITAR SONEGAÇÃO COM DETALHAMENTO,21 de setembro de 2015,"Se não houver adiamento, passará a valer em 1º de janeiro de 2016 o Bloco […]",http://www.csa-ma.com.br/wp-content/uploads/2015/09/Bloco-K-270x230.png
COMO A PERDA DO GRAU DE INVESTIMENTO AFETA O SEU BOLSO,18 de setembro de 2015,A alta dos juros é o principal efeito para o pequeno investidor da perda do grau […],http://www.csa-ma.com.br/wp-content/uploads/2015/09/Bolso-270x230.png
COMUNICADO DE DESLIGAMENTO,9 de setembro de 2015,"Prezados Clientes e Parceiros, Comunicamos que a partir de 04/09/2015, Joab Henrique, que exercia a […]",http://www.csa-ma.com.br/wp-content/uploads/2015/08/Comunicado-CSA-270x230.png
"AFINAL, QUAIS IMPOSTOS UMA PEQUENA EMPRESA DEVE PAGAR?",26 de agosto de 2015,Esta pergunta leva praticamente todos a responderem da mesma forma: “as pequenas empresas devem pagar […],http://www.csa-ma.com.br/wp-content/uploads/2015/08/imposto-270x230.jpg
MAIS SPED EM 2016: SERÁ QUE O COMÉRCIO PRECISA SE PREOCUPAR?,25 de agosto de 2015,"Possivelmente você pensa que o SPED seja assunto para o seu contador, quando muito envolvendo ainda […]",http://www.csa-ma.com.br/wp-content/uploads/2015/08/SPED-270x230.jpg
VOCÊ É UM LÍDER OU UM CHEFE PARA A SUA EMPRESA?,14 de agosto de 2015,"Empreendedores precisam ser verdadeiros líderes para ir mais longe. Por muito tempo, cursos de liderança […]",http://www.csa-ma.com.br/wp-content/uploads/2015/08/l%C3%ADder-270x230.png
COMUNICADO DE DESLIGAMENTO,10 de agosto de 2015,"Caros Clientes e Parceiros, Comunicamos que a partir de 07/08/2015, Juliana Viegas, que exercia a […]",http://www.csa-ma.com.br/wp-content/uploads/2015/08/Comunicado-CSA-270x230.png
CONFLITO: AMEAÇA OU OPORTUNIDADE?,28 de julho de 2015,As relações interpessoais de uma organização são construídas a partir de um processo de interação […],http://www.csa-ma.com.br/wp-content/uploads/2015/07/conflito-270x230.png
O ERP COMO ALIADO DA GESTÃO FISCAL DAS PEQUENAS EMPRESAS,24 de julho de 2015,"Diante da complexidade da legislação fiscal brasileira, gerenciar a área fiscal de uma empresa tem […]",http://www.csa-ma.com.br/wp-content/uploads/2015/07/erp-270x230.png
EVITE O DESPERDÍCIO DE RECURSOS USANDO A COMPUTAÇÃO EM NUVEM,21 de julho de 2015,"Imagine um mundo perfeito, onde não exista crime, discriminação, fome e tantos outros males da […]",http://www.csa-ma.com.br/wp-content/uploads/2015/07/nuvem-270x230.jpg
NOVO SIMPLES PROMETE REDUZIR ABISMOS NA TRIBUTAÇÃO DE EMPRESAS,20 de julho de 2015,Projeto na Câmara deve ser votado em breve. Estratégia é começar 2016 com novas regras […],http://www.csa-ma.com.br/wp-content/uploads/2015/07/Sem-t%C3%ADtulo-12-270x230.jpg
MOMENTO WK 2015,14 de julho de 2015,"O Momento WK está chegando a São Luís. Prepare-se, inscreva-se e reserve o dia 20 de […]",http://www.csa-ma.com.br/wp-content/uploads/2015/07/Sem-t%C3%ADtulo-1-270x230.png
"O CLIENTE NO INÍCIO, NO FIM E NO MEIO",13 de julho de 2015,"Você conhece, trabalha ou dirige um negócio que está dando certo? Negócios dão certo por […]",http://www.csa-ma.com.br/wp-content/uploads/2015/07/Sem-t%C3%ADtulo-2-270x230.png
PROGRAMA DE PROTEÇÃO AO EMPREGO (PPE): O QUE É?,10 de julho de 2015,Entenda um pouco mais sobre o programa que autoriza as empresas a reduzir as horas […],http://www.csa-ma.com.br/wp-content/uploads/2015/07/d%C3%BAvida-270x230.png
10 NOVIDADES DO MERCADO QUE VOCÊ PRECISA SABER,30 de junho de 2015,A economia brasileira iniciou o 2º trimestre com contração pior do que o esperado diante […],http://www.csa-ma.com.br/wp-content/uploads/2015/06/econ%C3%B4mia-270x230.png
CRONOGRAMA ESOCIAL OFICIAL,26 de junho de 2015,"eSocial – O prazo Oficial – Resolução nº 1 de 24/06/2015 Comitê Diretivo do eSocial, […]",http://www.csa-ma.com.br/wp-content/uploads/2015/06/eSocial-banner-270x230.png
"VENDA MAIS MIX, FIDELIZE E DEFENDA SUA BASE DE CLIENTES",23 de junho de 2015,"Por conta da crise econômica vivida atualmente no Brasil, os diretores da VendaMais Marcelo Caetano […]",http://www.csa-ma.com.br/wp-content/uploads/2015/06/mix-clientes-270x230.png
6 RESPOSTAS PARA ENTENDER DE VEZ O QUE MUDOU NA PREVIDÊNCIA,22 de junho de 2015,A presidente Dilma Rousseff vetou ontem a mudança na previdência aprovada pelo Congresso e propôs […],http://www.csa-ma.com.br/wp-content/uploads/2015/06/previd%C3%AAncia-270x230.jpg
5 DICAS PARA USAR A INOVAÇÃO COMO ALIADA NA GESTÃO DA CRISE EM PEQUENAS EMPRESAS,19 de junho de 2015,"Todos sabemos que há uma nuvem de incertezas sobre 2015, e que ela representa um […]",http://www.csa-ma.com.br/wp-content/uploads/2015/06/ideia-270x230.png
NOVO SUPERSIMPLES DEVE BENEFICIAR SERVIÇOS QUE MAIS GERAM EMPREGOS,16 de junho de 2015,Desoneração dos setores de serviços que mais geram empregos é uma das principais propostas que […],http://www.csa-ma.com.br/wp-content/uploads/2015/06/imp-renda-270x230.png
PORQUE O FEEDBACK É ESSENCIAL PARA A GESTÃO UMA EMPRESA?,15 de junho de 2015,A dificuldade de lidar com os funcionários é uma das queixas mais recorrentes dos empreendedores. […],http://www.csa-ma.com.br/wp-content/uploads/2015/06/feedback-270x230.png
SUA EMPRESA ESTÁ PREPARADA PARA O “BLOCO K” ?,12 de junho de 2015,"Previsto para começar a valer em janeiro de 2016, o “Bloco K”, isto é, o […]",http://www.csa-ma.com.br/wp-content/uploads/2015/06/2287-imagens-bloco-k_site-02-420x315-270x230.jpg
REGRAS SORTEIO,9 de junho de 2015,"Para celebrar o lançamento de nosso novo site e agradecer a todos os clientes visitantes, […]",http://www.csa-ma.com.br/wp-content/uploads/2015/06/Sem-t%C3%ADtulo-1-270x230.png
